current_itr_train_time	current_itr_train_loss_mean	current_itr_train_loss_std	current_itr_eval_2000_return_mean	current_itr_eval_2000_return_std	current_itr_eval_2000_length_mean	current_itr_eval_2000_length_std	current_itr_eval_3500_return_mean	current_itr_eval_3500_return_std	current_itr_eval_3500_length_mean	current_itr_eval_3500_length_std	current_itr_eval_3800_return_mean	current_itr_eval_3800_return_std	current_itr_eval_3800_length_mean	current_itr_eval_3800_length_std	current_itr_eval_4000_return_mean	current_itr_eval_4000_return_std	current_itr_eval_4000_length_mean	current_itr_eval_4000_length_std	current_itr_eval_4500_return_mean	current_itr_eval_4500_return_std	current_itr_eval_4500_length_mean	current_itr_eval_4500_length_std	current_itr_eval_4800_return_mean	current_itr_eval_4800_return_std	current_itr_eval_4800_length_mean	current_itr_eval_4800_length_std	current_itr_eval_5000_return_mean	current_itr_eval_5000_return_std	current_itr_eval_5000_length_mean	current_itr_eval_5000_length_std	current_itr_eval_5500_return_mean	current_itr_eval_5500_return_std	current_itr_eval_5500_length_mean	current_itr_eval_5500_length_std	current_itr_eval_6000_return_mean	current_itr_eval_6000_return_std	current_itr_eval_6000_length_mean	current_itr_eval_6000_length_std	current_itr_eval_6500_return_mean	current_itr_eval_6500_return_std	current_itr_eval_6500_length_mean	current_itr_eval_6500_length_std	current_itr_eval_7000_return_mean	current_itr_eval_7000_return_std	current_itr_eval_7000_length_mean	current_itr_eval_7000_length_std	current_itr_eval_8000_return_mean	current_itr_eval_8000_return_std	current_itr_eval_8000_length_mean	current_itr_eval_8000_length_std	current_itr_eval_9000_return_mean	current_itr_eval_9000_return_std	current_itr_eval_9000_length_mean	current_itr_eval_9000_length_std	current_itr_eval_10000_return_mean	current_itr_eval_10000_return_std	current_itr_eval_10000_length_mean	current_itr_eval_10000_length_std	current_itr_eval_11000_return_mean	current_itr_eval_11000_return_std	current_itr_eval_11000_length_mean	current_itr_eval_11000_length_std	current_itr_eval_12000_return_mean	current_itr_eval_12000_return_std	current_itr_eval_12000_length_mean	current_itr_eval_12000_length_std	current_itr_eval_13000_return_mean	current_itr_eval_13000_return_std	current_itr_eval_13000_length_mean	current_itr_eval_13000_length_std	current_itr_eval_14000_return_mean	current_itr_eval_14000_return_std	current_itr_eval_14000_length_mean	current_itr_eval_14000_length_std	current_itr_eval_15000_return_mean	current_itr_eval_15000_return_std	current_itr_eval_15000_length_mean	current_itr_eval_15000_length_std	current_itr_eval_16000_return_mean	current_itr_eval_16000_return_std	current_itr_eval_16000_length_mean	current_itr_eval_16000_length_std	current_itr_eval_17000_return_mean	current_itr_eval_17000_return_std	current_itr_eval_17000_length_mean	current_itr_eval_17000_length_std	current_itr_eval_18000_return_mean	current_itr_eval_18000_return_std	current_itr_eval_18000_length_mean	current_itr_eval_18000_length_std	current_itr_eval_19000_return_mean	current_itr_eval_19000_return_std	current_itr_eval_19000_length_mean	current_itr_eval_19000_length_std	current_itr_eval_20000_return_mean	current_itr_eval_20000_return_std	current_itr_eval_20000_length_mean	current_itr_eval_20000_length_std	TestEpRet	TestEpNormRet	Iteration	Steps	total_time	current_eval_time
430.6345534324646	0.1068244278781116	0.1482450311586486	4204.843870303865	1753.3150196558684	1000.0	0.0	3815.5776505115573	1753.2134172059104	820.7	359.5530697963793	4625.919048692799	386.20953317242595	1000.0	0.0	4868.342969250436	248.10017673644907	1000.0	0.0	4772.049561102604	216.11996171558422	1000.0	0.0	4284.089935828901	1455.5148878323675	970.8	87.6	4517.45094315678	698.003978385397	964.1	107.69999999999999	3962.7382811194047	1416.6738481054606	888.7	222.89192448359364	3687.6430609387708	1736.155240824374	885.5	245.75404371037317	3154.1378506398414	1968.0989841735498	935.8	192.6	3822.112165754422	1683.3047100700958	948.1	155.7	4027.079125574118	1770.1185208688	1000.0	0.0	4561.995567087024	1331.7224976585028	914.7	255.89999999999998	4408.864726963398	1422.0722351454815	1000.0	0.0	3340.16312800682	1987.193201270848	913.9	258.29999999999995	3882.055952260441	1516.2111881995822	823.9	296.6609006930303	3738.5927996637874	1814.829295888948	891.3	234.65721808629712	3832.3758007485726	1973.1688140426243	927.9	216.3	4659.666005561248	460.27408610362494	960.1	88.48779576868213	4396.218452339073	1240.2719950664148	978.3	65.1	3760.243555243703	1741.055613198432	900.9	278.1900249829242	4368.013757039419	1003.1308374622072	976.2	71.4	3923.8456440179034	1638.6426012964682	835.2	331.58461966743874	4091.432711160355	1735.3364257836756	927.1	218.7	3340.16312800682	87.17007414469407	1	5000	1428.8459849357605	998.1608641147614
427.15743708610535	0.030497074612602593	0.003746515775323772	3244.234761310592	1152.7570712763422	789.7	251.32570501243998	3799.569388755611	860.6344692575362	935.0	195.0	3333.0072536296766	1342.8694023164667	837.8	326.56784899925464	3165.061985407693	1430.6887295901772	823.1	340.70293512090564	3725.2107890228203	1261.4887100837668	898.9	277.6596657780888	3646.4583654358453	1347.5921483327998	838.3	274.49555551957485	3354.922691557046	1430.2205663305642	829.1	343.507918394904	3326.7859359145536	1657.988881362714	774.7	350.1282764930591	3739.6740281906496	1643.8029516805443	830.2	339.60471139252473	3411.2248535370068	1965.6744080928509	881.5	274.0077553646977	4006.7716933319834	1103.452418237535	927.0	219.0	3546.046565240568	1173.5661644507784	874.5	271.51325934473255	3945.984045713312	1185.5176122408125	884.4	231.28475954978097	4142.85013397546	1304.626305785154	915.9	252.30000000000004	2657.111532825469	1682.558807245369	632.2	396.864914045069	3742.6597326024976	1086.7274264631174	840.7	209.10908636403153	4452.240734349275	510.01822463518585	981.3	56.1	3870.8560124885153	1619.864572116864	940.0	180.0	3663.4291927029744	1193.7360556427107	829.0	270.66621510635565	3679.2836954532772	1377.1692615118234	781.8	297.9848318287359	4001.4750095290656	1744.8252662482328	961.5	115.5	3957.5189566327317	1664.945119086639	838.1	322.4045440126426	4399.639325476372	539.3663924300374	1000.0	0.0	3947.012456904757	1339.9126831167096	828.5	274.05446538963747	2657.111532825469	70.92743758650914	2	10000	2778.4692549705505	922.4502577781677
427.92754578590393	0.025918336883187294	0.002629994913491193	3311.6029604592877	1272.9423724040882	909.1	157.9287497576043	3436.33753004797	1226.356631462612	878.3	287.5844397737819	3520.5813258115622	827.0700136884667	913.5	198.9096528577736	3819.6201522202587	435.43858785737024	963.0	111.0	3557.132545234934	1162.2098566015961	1000.0	0.0	4144.200240595302	318.28043770446783	1000.0	0.0	4112.654507434696	474.0023622049119	1000.0	0.0	3263.62397021387	1021.2388460994187	838.3	254.48852626395555	3770.2727411965307	909.7483229983902	918.2	186.45364035062443	2963.8865372531363	1332.196701241265	795.9	302.2258923388266	3895.867369461266	881.6031079014139	911.8	185.87404337346297	3308.111945169486	1468.328248255969	799.6	316.09466936346774	4083.2563213580447	433.6904317296871	1000.0	0.0	4153.759847146748	441.34078516932976	1000.0	0.0	4362.970764315223	450.5332369224963	1000.0	0.0	4611.784045003818	603.0110606547508	997.5	7.5	4192.357302705665	513.1114251636194	974.4	76.8	2717.2946132551433	1573.0563025341264	713.9	355.78039574996257	3504.719250244469	1345.2698280455945	845.1	310.0098224250322	4379.686914132134	468.9390046161042	1000.0	0.0	3791.505753294276	600.6115376536991	931.9	117.88252627086003	4461.70152201987	697.745966905259	982.1	53.7	3589.2032793898265	1319.4398523348304	851.7	285.5044833273201	4134.441222295456	1111.676320097912	917.3	197.78374554042603	4362.970764315223	111.49194502925413	3	15000	4192.335660457611	985.9240984916687
427.500403881073	0.02417603714801371	0.002402342354367655	3166.2527733637926	1711.0262676774032	822.0	357.1848261054772	2369.010765806604	1953.3642122805873	743.6	392.934142064545	2886.8322754079863	1492.7422448811194	725.0	363.3708849096196	3759.883199985727	524.803209107389	932.8	119.90479556714985	3251.7871050172494	1375.4881677839428	815.6	331.5762958958315	3120.8271043903633	1478.2869071956438	812.8	374.940475275743	3530.513344048857	1041.9214414587084	899.9	260.73068480713965	3474.674326696096	827.0395697204782	883.4	202.82416029654848	3667.9328343239586	809.7227743089833	934.0	198.0	2899.346821533896	1427.6302044820582	734.4	350.9302494798646	3071.0492791855354	1073.371751233557	792.4	277.5500675553872	3057.8657437525767	1442.9295777221496	748.3	313.3688082754887	3734.993491570071	1625.5443482793612	1000.0	0.0	3279.7975620390753	1427.6177836732197	797.1	312.39668692225274	4192.270203470335	582.8439877743617	1000.0	0.0	2902.613748110017	1666.8955395954508	734.6	408.5036597143286	3913.1153405035197	101.96029143914336	1000.0	0.0	3695.160573608283	1488.1392016125185	1000.0	0.0	3749.8812871229175	985.9267902549885	944.7	161.93952574958342	4143.004907505427	531.1161381888063	981.2	56.4	3646.8899574305333	975.5624323065041	921.3	236.10000000000002	4303.154110374094	524.2488924593888	1000.0	0.0	3199.1335848469053	1315.2394690825192	772.9	309.72647610432017	2785.120320795542	1341.9984876908761	783.3	313.88534530939796	4192.270203470335	107.43276825601825	4	20000	5550.215909004211	930.3653476238251
424.53348684310913	0.02317737373262644	0.0022609068156275993	3742.778975879548	1098.9342758172688	894.3	211.45214588648656	3777.773322176239	1694.89014072141	1000.0	0.0	4347.299752716324	667.4897340581153	967.9	96.3	3588.950285967814	1266.1650108846713	859.0	295.57537109847294	4269.767025483494	1188.8192630513056	931.5	205.5	3967.9247506778033	1334.475809752846	965.8	102.6	3955.6918639780683	1565.904072234751	961.8	114.6	4785.339200862503	655.9268646144168	999.4	1.8	4567.192270603354	880.6494386559287	943.5	169.5	4101.15007542768	1630.8187200920336	833.5	301.7539560635453	4309.8369430501725	1264.1136711798465	995.6	13.200000000000001	4657.441564816545	1114.4323091055362	1000.0	0.0	4702.875790047394	1335.5976551033623	1000.0	0.0	4173.441991930922	1580.5487379148667	1000.0	0.0	4667.452843282914	1582.6363429293563	1000.0	0.0	4828.547888441045	551.3174651116325	1000.0	0.0	4599.967530634981	1222.1204101464173	967.2	98.39999999999999	4428.095414623101	1284.7686147366128	922.3	233.1	4405.584206526435	1189.0117217343698	981.0	57.0	4587.697063360038	1526.1766929991322	1000.0	0.0	4568.004445199995	1140.3837190467273	922.8	175.59373565136087	4667.726567064533	1203.3706110838648	951.5	145.5	4495.238198677593	801.4872747294334	975.5	73.5	5049.204699308173	545.6073493001483	1000.0	0.0	4667.452843282914	118.73238159662603	5	25000	6996.408782243729	1021.6445829868317
426.56144738197327	0.022475694774091243	0.0021620807738596984	3870.171744615259	1082.705731399283	898.2	243.338776194835	3615.744741431858	1747.1110775315192	1000.0	0.0	3247.8306240358334	1610.7923348179356	785.7	349.263811466347	3578.995303835498	1868.4453756540086	970.6	88.2	3927.460876396965	908.3179514837371	921.8	156.81760105294305	3958.2017820188835	879.8507366962175	998.5	4.5	4446.124459901306	636.1299588079775	1000.0	0.0	4111.750866945453	1479.1381259017562	873.4	260.8260723164002	4373.6139993154675	724.2777764727915	1000.0	0.0	3930.757144648619	1151.0337371659155	914.4	205.70473985788465	3779.6939385723745	1601.9004976121273	1000.0	0.0	4340.012316699627	1555.2858002504965	904.1	287.7	4164.628575228041	1435.6019456442616	908.8	273.6	4165.60281721471	1010.2696377555634	921.6	171.82502728066132	3949.4848362980397	1709.66820642179	854.7	292.353912236522	3310.2875680179195	1963.174293351499	922.6	232.20000000000002	4808.132014087469	674.5959382842293	969.5	91.5	4563.628331930878	1044.7864988192937	924.2	157.32056445360217	4801.29779890441	520.5578667698157	1000.0	0.0	4791.069698993088	865.0271800112691	972.0	84.0	3351.4619899918885	1772.7435677841954	886.2	270.77400170621996	4331.098701440748	1469.4453545898257	913.3	260.1	4240.720424645655	1118.0895899324244	974.2	77.4	4039.508083020465	1624.893328245729	827.2	302.2306404056346	3949.4848362980397	101.65944965396142	6	30000	8412.962857961655	989.9762666225433
425.46299028396606	0.02197938340716064	0.002071882013949756	3622.6544765104845	1532.4243432168553	947.7	156.9	3884.3171541871975	723.9377255942	965.5	103.5	4064.313635260417	503.8289706270339	982.2	53.400000000000006	4093.9751062009227	676.8474734386374	974.2	77.4	3875.1424740202697	552.9964574391441	980.6	58.2	3661.454610383488	2005.3044922818758	1000.0	0.0	4039.232075482535	989.4296108260734	943.7	113.269634059619	4679.312795277938	679.156097108593	1000.0	0.0	4260.455088279015	904.2125705215203	950.4	148.8	4199.367448609304	1120.5494250379254	943.9	168.3	4302.23181408227	832.2854215703643	980.2	59.400000000000006	4143.986819764163	1082.0695537396168	937.6	187.20000000000002	4416.9113464658585	1289.1821731048894	994.8	15.599999999999998	4408.296446672077	716.5958894951434	1000.0	0.0	5045.863406239818	578.5749701007195	1000.0	0.0	4481.844350368234	641.2791140672518	1000.0	0.0	4921.567985518896	722.9341438303466	1000.0	0.0	4349.0821338925	1391.2932603869656	1000.0	0.0	4587.176138343255	1135.1869817829652	980.1	59.7	4758.565023736702	713.1966056818794	1000.0	0.0	4032.5097081621475	2064.5415877923974	921.6	235.2	4877.60807713649	616.7117532732028	969.1	62.843376739319154	5053.2061724426585	481.81534644899205	1000.0	0.0	4279.192567844342	1781.2711689119442	993.3	20.1	5045.863406239818	127.73080175587515	7	35000	9880.994124174118	1042.5318007469177
426.4207544326782	0.02153964196406305	0.001989482109842473	3441.2563546216493	1627.7163898826727	815.0	370.2766533282918	4462.828664248448	713.4248883437764	1000.0	0.0	4346.027311701686	920.674234894324	958.5	124.5	4385.358686372258	612.8174663398935	1000.0	0.0	4442.824834139448	1227.1086148550812	1000.0	0.0	4430.698449910471	1586.9081407230626	863.6	289.10039778595944	5278.584956934498	185.29218015391518	1000.0	0.0	4276.4065122638185	1153.066353543555	1000.0	0.0	4610.932801918506	702.7391981050928	1000.0	0.0	4817.644234754503	964.1084578026765	1000.0	0.0	5030.561910872255	496.12240619191243	1000.0	0.0	4814.906718828684	1177.899020612019	929.7	210.89999999999998	4966.894409698981	806.5427203901122	1000.0	0.0	4876.049696409176	989.0999014713417	939.3	182.1	4363.491050153473	1597.6668749267553	873.9	265.49367224097824	3613.831349938483	1628.957615803085	848.1	287.6228259370247	4965.590952302535	570.4042554624062	1000.0	0.0	4652.410107127984	1225.7756304568218	929.5	211.5	4489.1303163433	1801.1893831273	1000.0	0.0	5289.355343883927	178.37055913205353	1000.0	0.0	4727.120288497139	1296.5891656371039	1000.0	0.0	5179.745489812593	210.464150469633	1000.0	0.0	4806.455807000533	1006.6953641076374	943.5	169.5	4966.531432128367	428.70340591927516	1000.0	0.0	4363.491050153473	111.50431717483826	8	40000	11336.964620113373	1029.456088066101
425.07842469215393	0.0212376224193722	0.0019363200023968339	4241.432318926012	1041.3823691774453	950.3	149.1	3821.903029904134	1411.56549858155	834.7	253.6959006369634	4322.626757788996	1357.2439082706412	919.9	240.3	4066.9064950606203	1339.2525552693498	835.6	256.54442110480596	3937.7256358248997	1615.57146809117	810.8	307.22232991760217	3213.0886900516425	1630.4820420276062	780.5	335.40371196514803	4437.074449246805	1572.7609939484935	997.8	6.6000000000000005	4258.244681759736	1502.5098406575075	891.5	231.6839441998517	4938.721885295903	779.25064077449	1000.0	0.0	4277.501544492185	2099.3730861068807	807.6	384.96238777314335	4376.538217051189	1461.9198063274143	908.3	269.8088397365809	4529.254650089136	1201.7304807237817	958.8	123.6	4373.2614299823	2095.3906505963682	1000.0	0.0	4600.261623320502	619.0157281742219	967.6	70.83953698324122	4401.068200366902	1582.952454575017	1000.0	0.0	4578.510989669157	1045.394045898279	964.4	106.8	4748.36799789367	1532.5975183836917	1000.0	0.0	4350.873270273196	1761.0213508447791	1000.0	0.0	4729.319420737333	1902.8947017765668	1000.0	0.0	4184.523871277716	2175.0587615421227	1000.0	0.0	5037.5793465761935	600.3544525465164	1000.0	0.0	4473.7805030213785	1484.1650665436148	908.5	274.5	5384.833732205874	143.99567291649691	1000.0	0.0	3776.1002562034896	1937.2008818539646	942.0	174.0	4401.068200366902	112.39788363177186	9	45000	12764.57197380066	1002.5062232017517
423.7920141220093	0.021017827824130655	0.0019508848919250802	4047.868478573164	1341.6807975723134	1000.0	0.0	4356.424357277984	1057.052194278877	943.4	169.79999999999998	4315.901864936644	931.3595029613659	950.1	149.70000000000002	4647.60235076476	690.6242448024558	1000.0	0.0	4509.433587428752	1111.0787713434754	1000.0	0.0	4509.185487038589	970.732621442993	920.2	160.16291705635234	3550.8252409205934	1891.7308194994275	865.0	271.5603063777915	4096.381427108173	1288.1895295308248	1000.0	0.0	3828.270470619682	1873.0989293390176	814.2	371.8421170335604	5200.090302424536	405.8370334377046	991.7	24.9	4773.83684383027	928.844490927546	962.8	111.6	4065.057535071901	1883.9095250045486	1000.0	0.0	4880.614988052042	601.0959939737699	1000.0	0.0	4658.6960427314025	1607.712770016383	901.3	296.1	5186.608134600594	317.55090466708725	1000.0	0.0	4709.55724752966	1228.2073940408986	1000.0	0.0	4278.175659736424	1681.099529747439	968.4	94.8	4807.536512512224	609.2233781362597	1000.0	0.0	4961.500108289395	1295.7074027896122	1000.0	0.0	5128.899974927477	577.0349834208607	967.2	98.39999999999999	4359.056587089009	1253.5571514516942	889.2	225.06745655469607	4825.253472359249	781.1810752613612	976.3	71.1	5203.671995679696	169.30431546491104	1000.0	0.0	4831.298552574737	668.5941153393125	1000.0	0.0	5186.608134600594	131.07764332153698	10	50000	14215.960101604462	1027.5599262714386
421.7092297077179	0.020759067806974053	0.001907291031171869	4402.002916069648	284.30930946465656	1000.0	0.0	4524.1012019875025	744.9701952565289	999.4	1.8	4740.06481011189	1078.2241217438698	949.3	152.1	4868.539091646786	640.2991347639881	1000.0	0.0	4292.851514405786	1132.378738416581	927.7	151.11919136893235	4902.447128665048	776.9242048979053	990.4	28.8	4667.623653489931	982.7512548197852	955.1	90.7	5057.905763154499	624.7352175194134	1000.0	0.0	3318.966904945794	1834.6106000191921	776.6	353.2736050145836	4323.653577083461	1611.5289432502425	862.8	303.1240010292817	5175.455595376242	435.0055943573402	1000.0	0.0	4990.869566131669	826.5523642554399	962.8	111.6	4531.701739152118	2059.9562339208946	1000.0	0.0	5377.671584087734	156.59281765999842	1000.0	0.0	5027.509623401229	1192.1736540990441	930.2	209.39999999999998	4554.561279109415	1754.7549488174054	976.4	70.8	5204.498502769687	390.7561603096038	997.7	6.9	4940.489494543488	960.8126172183325	991.5	25.5	5295.926113902571	130.43212835985793	1000.0	0.0	5047.990501603097	391.75532304542907	968.8	63.47408920181525	5055.364373547081	936.7609351239103	1000.0	0.0	4868.548372718286	1339.934598404413	1000.0	0.0	4229.234576914178	2232.7431654595466	903.5	289.5	4702.873873287941	1575.59257536139	901.2	296.40000000000003	5027.509623401229	127.29435767724607	11	55000	15661.547763586044	1023.8418309688568
425.3092751502991	0.02057187618650496	0.0018502085338683374	2774.0182413823713	1471.3909232812634	763.0	362.3434834518209	4400.717348994656	590.6323556493875	987.2	38.4	4692.633031565519	797.325468428641	958.7	123.9	4651.5565425435725	739.8053736277835	1000.0	0.0	4143.882227655691	1434.7004990128344	899.3	276.1579439378849	4662.084458276073	1111.8060150839358	944.3	167.1	4099.235269077514	1691.2576401387662	822.1	315.84187499443453	4445.685676047838	1535.2156314819463	904.4	286.8	4815.850523629374	1042.0535352354243	948.3	142.57492766962923	5154.348179457531	359.76430059401645	981.9	54.3	4582.500376016395	2123.895679711997	995.9	12.299999999999999	5206.172007264224	389.7846617955243	1000.0	0.0	4076.1746831953633	1850.0714018214067	860.5	307.7646016032383	5311.298438306027	158.85986346844376	1000.0	0.0	4965.362342928545	1094.2832004309337	937.3	188.1	5317.045122664119	244.61269461765497	1000.0	0.0	5203.175332246477	176.49222559582208	1000.0	0.0	4768.677011896003	1470.6966841267279	910.0	270.0	5008.491532708728	631.2481221705382	959.0	123.0	5317.312563758658	226.22485304340327	1000.0	0.0	5239.86802457115	127.45533926820522	1000.0	0.0	4922.60519619217	802.2223063367978	970.7	87.89999999999999	5321.024849300336	525.7675997857914	1000.0	0.0	5207.373121463502	175.76681231711268	1000.0	0.0	4965.362342928545	125.81652540671404	12	60000	17098.998224020004	1012.1260595321655
422.69373536109924	0.020431053610518574	0.0018505159148556542	4600.503224951705	443.2454967481847	1000.0	0.0	4446.7590806659355	1540.5257368812865	873.9	252.61846725843301	5122.845234259525	400.0598567666518	1000.0	0.0	4266.692387219629	2121.874640154681	1000.0	0.0	4598.6123499047935	1627.6587927437083	1000.0	0.0	5175.131147492628	418.8817317993196	1000.0	0.0	5302.102378336625	217.02129500349213	1000.0	0.0	5152.1640379027185	559.5042494896771	989.3	32.1	4297.019370625959	1399.5761137228671	874.1	263.48375661509004	5211.2588349014495	230.1086650186604	990.0	30.0	5262.929593271469	163.79060530587222	1000.0	0.0	5211.0349544327855	283.4515813011795	980.1	52.483235418560085	4747.44355453937	962.4426059055609	978.0	66.0	5321.880414415161	214.01353489998058	1000.0	0.0	5306.8092308009045	137.0526755028215	1000.0	0.0	4600.572266959764	1390.2171150537697	881.8	262.6635871223874	5251.972953862578	118.16927196032536	1000.0	0.0	4849.508404611393	1036.910820841387	1000.0	0.0	4529.033497102586	2100.2994492053426	1000.0	0.0	5227.584925190698	99.27967023785234	1000.0	0.0	5121.925563320627	539.9516011216048	970.4	88.135350455989	5056.795038126744	553.44085108114	948.3	103.42925118166524	5300.933607591141	188.6289042452961	1000.0	0.0	5306.189961157985	164.41120545960996	1000.0	0.0	5306.8092308009045	133.9359672508716	13	65000	18558.785851716995	1037.0785057544708
421.6548957824707	0.02023279852718115	0.0017931942292381698	3871.3966004988624	1245.1772308248887	920.2	239.4	4113.4485414842	1478.548536968266	988.9	33.3	4444.938810460583	875.3122228104468	956.8	91.01736098129851	5019.448287943066	789.7617924543133	978.7	63.89999999999999	4316.0586646008605	950.9959393852388	966.2	101.4	4920.60379688606	688.8237491857894	1000.0	0.0	4257.202885410319	1567.7373224457106	1000.0	0.0	3859.8205341389685	1652.2715395208304	879.3	201.852941519315	5288.653017608331	188.78168824043465	1000.0	0.0	4657.964756928001	965.3823934336356	1000.0	0.0	4738.369533486626	900.3228626783813	915.6	175.82218290079328	5154.7568927990405	549.4780109079159	966.1	101.69999999999999	5399.316492213187	236.62384720343724	1000.0	0.0	3862.376896894001	2170.6567634972334	851.4	289.916953626379	4388.8229630815395	1864.7564991837312	829.0	342.0026315688229	4533.341925712618	1713.0205224886104	857.7	302.9990264010761	4643.09646921502	1015.9636601136984	901.0	165.25676990671215	4612.1683940977	1434.2675380817916	1000.0	0.0	5298.789999923263	169.03466710541724	1000.0	0.0	4358.043068014881	1916.3494583486597	1000.0	0.0	4944.377706803514	1073.7404061642665	1000.0	0.0	4931.016718478443	584.5581488647952	940.7	119.599372908055	4103.451880709793	2178.819821273965	899.4	207.66906365657834	4263.459921718833	1968.7832265469392	938.8	183.6	4388.8229630815395	112.10669781184552	14	70000	19986.555014371872	1006.0851018428802
421.3041265010834	0.020096130880340932	0.0017671862057162065	4004.153495930467	1475.3338957288472	969.9	90.3	4109.136255776891	1100.0517831944328	1000.0	0.0	4029.0433542227574	1425.86886489959	991.9	24.300000000000004	4644.846248249631	896.8404322841857	971.7	84.9	5162.5697892323715	461.1853418788505	1000.0	0.0	4699.201257361458	1164.3155019278515	1000.0	0.0	4005.945395060866	1367.6955101156498	969.9	90.3	5126.399063101467	456.7662712009019	1000.0	0.0	5308.715270550614	217.33566595362004	1000.0	0.0	4781.675593471338	1778.4898192658995	1000.0	0.0	5327.143406042082	125.0173141219206	1000.0	0.0	4806.134465274547	1545.7516652404502	905.2	284.40000000000003	4922.783633998841	1548.4202334390811	908.7	273.9	4369.4681201294825	1870.9477083173792	929.6	211.2	5272.691365857562	204.2021693844792	1000.0	0.0	5172.028153367834	134.2621031211225	1000.0	0.0	5244.250635912233	284.05139382717925	1000.0	0.0	5389.878655812039	132.74639705709578	1000.0	0.0	4275.246546470473	2053.1172043134507	921.1	171.5543354159259	4849.202655788987	1119.406697731467	914.9	203.7598831958833	5196.896194934071	178.94722771816998	1000.0	0.0	5190.886884207062	126.46304574255637	1000.0	0.0	4975.341084206028	804.2544082928222	950.0	150.0	4673.597820331217	1037.534780584798	943.3	141.56839336518587	5272.691365857562	133.1246609244896	15	75000	21432.8788459301	1025.0036203861237
417.60796570777893	0.020000425097718835	0.0017509771879910157	3993.2261398412984	885.3309679297569	937.1	188.7	4360.414499103853	1196.7459284566125	934.0	198.0	4494.157802787633	563.0747645939208	981.9	54.3	4116.373028434109	1382.027040758566	916.4	250.79999999999998	3912.3369649748142	1168.6042646877129	955.7	132.89999999999998	5046.558524398277	523.2555570346964	1000.0	0.0	3536.843721750726	2232.756762123297	723.3	422.7628294919032	4669.20893808323	1372.3858451854198	927.7	216.89999999999998	4531.298486928673	1407.3378009145624	882.8	244.30832978021846	5235.4307953743	357.5095576860457	1000.0	0.0	4834.53409850217	1241.4294081257349	1000.0	0.0	5208.875637368558	174.51712465048683	1000.0	0.0	5212.871209402494	229.79031168866973	1000.0	0.0	4934.357881156424	1000.4875540158819	1000.0	0.0	4291.152032884869	2045.9553468534107	813.7	372.6644737562195	4734.629875831053	1377.042433773035	1000.0	0.0	5036.804642384596	686.8103836304967	959.8	113.77240438700414	5081.765880640814	736.4858681139864	997.5	7.5	5210.336570862185	146.59585944374786	1000.0	0.0	4491.346608585074	2134.1724288156897	974.3	77.10000000000001	4914.947030086992	1238.6856473361702	1000.0	0.0	4637.6552526932355	1575.8656957741534	1000.0	0.0	4706.604081164589	1228.5254794433342	954.2	137.4	4669.898719492459	1844.7324546781333	1000.0	0.0	4291.152032884869	109.78413033279122	16	80000	22855.940614938736	1005.4250094890594
416.57259583473206	0.01986013110652566	0.0017190516262127293	3380.624069185261	1251.8424515601425	885.8	270.96449951977104	3468.1065092504723	1001.4000593489294	865.0	247.58271345148472	2866.202451819343	1175.4278926372654	818.3	301.5015920355977	3359.635185798389	1069.7772210056335	891.4	262.8460385853285	3744.418296640167	478.74090749866434	962.3	113.10000000000001	3102.5380770406546	1512.0033251211328	799.3	376.89018294458134	3790.155033204873	1342.299721525585	882.4	290.1707083769828	3764.1827992187564	459.408612465773	962.8	111.6	4245.706183622047	1166.2474662521938	1000.0	0.0	3810.1116147138173	1361.2451441871713	937.0	189.0	4887.235404077504	649.970957503211	1000.0	0.0	4130.815278349967	1908.3429505116796	827.7	347.7545254917612	4790.426104500797	1414.783761151804	917.2	248.4	4847.746850344956	916.935707196183	916.5	167.979314202672	5330.046960072093	79.74631085754933	1000.0	0.0	5293.8481001990685	219.5746532348264	1000.0	0.0	5379.773962435052	131.62130395483416	1000.0	0.0	4708.363170049173	1191.5077186151893	1000.0	0.0	4233.26982225358	2356.7513189262886	999.1	2.7	4899.749077758134	1222.60636550773	1000.0	0.0	5282.409817967082	194.23180050079094	1000.0	0.0	5111.838569153223	539.7349444351512	1000.0	0.0	5250.068533790452	190.1209608279679	1000.0	0.0	4837.5107815335405	1085.2394083865463	912.8	203.84935614320688	5330.046960072093	134.48854921342334	17	85000	24261.6044652462	989.0760953426361
416.6938946247101	0.0197628510851413	0.0016562647698600058	4003.115435697422	1015.6175792259006	928.2	215.39999999999998	3810.077632882422	818.2386623571463	1000.0	0.0	3979.195481994708	1481.267760320152	899.7	288.77744025460163	4088.2055026765797	315.81192421473725	1000.0	0.0	3904.6126214478236	991.1017624431189	922.5	167.4199808863924	4590.416291352728	685.7517755620581	1000.0	0.0	4707.497735311359	683.4862811593999	1000.0	0.0	4008.759336812282	959.7074699248925	975.6	73.2	4300.576331017082	1709.9401378299144	1000.0	0.0	4266.7788242740135	1683.1491449345074	843.7	317.8383394117204	5305.810012480414	155.84280233864104	1000.0	0.0	5357.454384676783	74.0182046295223	1000.0	0.0	5211.537596472905	556.7175005191492	1000.0	0.0	5306.092027497658	169.29007638532786	1000.0	0.0	4629.734205654173	1572.3878691052976	862.7	276.06450333210176	4938.0335343070565	1030.3161226801149	940.5	178.5	5329.2093142251515	187.7942267095541	1000.0	0.0	4959.807643781547	754.3613262213734	1000.0	0.0	5091.415213473636	795.6503261033565	1000.0	0.0	4911.960092544116	1135.1362976014645	1000.0	0.0	5072.9076633827035	819.3439640300805	950.5	148.5	5043.400645671535	448.87593154147896	1000.0	0.0	5003.606758595934	753.3389423874887	1000.0	0.0	4926.358831949673	915.0706017362609	1000.0	0.0	4629.734205654173	117.83545063739027	18	90000	25689.117205142975	1010.7879946231842
414.57496786117554	0.01967943138666451	0.0016617622450358336	4284.980233614215	140.0329628600981	1000.0	0.0	4314.107053940077	1194.9420855119038	940.6	178.2	4340.9936895154415	1121.703806176093	947.1	158.70000000000002	4164.791840469143	1217.0827717258326	936.0	192.0	4190.690153458851	911.6758001584393	961.9	114.3	4630.297704194355	728.2078722509203	1000.0	0.0	4747.5415637397555	1093.5593748233182	952.7	141.9	5289.750635669312	251.62614962474834	1000.0	0.0	5391.705807857537	133.0201179397187	1000.0	0.0	4541.501331247157	1598.8120984880513	935.8	192.6	5348.113828032532	201.43764944416145	1000.0	0.0	4554.984582566144	1798.5421181316794	1000.0	0.0	5399.018352049617	157.51848730412743	1000.0	0.0	4716.592128164654	1918.949811659877	1000.0	0.0	5377.939098724035	162.40095881324436	1000.0	0.0	4682.368604354622	1998.9148067787366	1000.0	0.0	5168.473810697787	424.9342514133522	1000.0	0.0	5271.9502193438475	184.47431921620176	1000.0	0.0	5059.950931602507	659.3085968289471	963.7	108.9	4440.071299149694	1643.877048713516	1000.0	0.0	5399.499413686752	184.2533850515479	1000.0	0.0	4630.119963239102	2098.194276120091	1000.0	0.0	4833.936496574739	843.1740934192151	967.6	97.2	5401.043898963213	158.7915894691807	1000.0	0.0	5377.939098724035	135.62740110631904	19	95000	27120.95669388771	1017.1651644706726
413.84848260879517	0.019617390833050013	0.0017125390574526268	3893.082967963265	1003.8746281883955	926.7	219.90000000000003	3584.5649135964354	926.6044833310615	922.9	231.3	3727.8321447195203	1170.9889431758913	1000.0	0.0	4002.12883893705	865.1578155296585	949.4	151.8	4499.963179463935	653.4403512908249	992.2	20.2869416127715	4279.274955949392	1492.339610613229	907.1	276.37454658488366	4266.381083862421	925.4265046661403	909.4	150.4627528659502	4937.049026096476	824.3547887004048	1000.0	0.0	4994.336252392188	718.3066800450474	952.2	130.0044614619052	5266.2645766511505	181.3587402082373	1000.0	0.0	5156.041287338963	407.63651248340847	974.5	76.5	5331.059298150608	188.60892482965173	1000.0	0.0	5160.732015656444	268.4464391679423	982.7	51.9	5353.423744563958	140.82034313862474	1000.0	0.0	4972.83034753744	892.3054797151103	1000.0	0.0	4716.024509791911	1322.3211200336282	877.9	245.69430192822952	5202.763757151477	417.45213138335066	982.0	54.0	4872.888849891801	905.4385854400542	1000.0	0.0	5267.981729635146	176.5010875048051	1000.0	0.0	5355.557013568378	123.30173720057977	1000.0	0.0	5170.7284979293345	584.8398828144325	963.5	109.5	5259.217242938882	180.95535766146156	1000.0	0.0	4306.811773510824	1896.53086833634	1000.0	0.0	4689.505205804528	1897.6861297612068	1000.0	0.0	4972.83034753744	125.99411094422372	20	100000	28497.076575756073	962.2290823459625
